reset,field1
int,float
R,
1, 0.0
0, 4.34782608696
0, 8.69565217391
0, 13.0434782609
0, 17.3913043478
0, 21.7391304348
0, 26.0869565217
0, 30.4347826087
0, 34.7826086957
0, 39.1304347826
0, 43.4782608696
0, 47.8260869565
0, 52.1739130435
0, 56.5217391304
0, 60.8695652174
0, 65.2173913043
0, 69.5652173913
0, 73.9130434783
0, 78.2608695652
0, 82.6086956522
0, 86.9565217391
0, 91.3043478261
0, 95.652173913
0, 100.0
